,,卒論,ArcGIS,Python,卒業旅行,クライミング,読書
2011/12/05,月,返信・調べ「アファイン変換」？,図解ArcGIS 35p,Python入門~p150,,,BeingGeek読了
2011/12/06,火,大場さんにTitan/新規性相談,図解ArcGIS,Python入門~p182,,,Unix for Mac OS X~p214
2011/12/07,水,アバランチナイト参加,,,出国:2月第二週,B-PUMPTokyo1.5h,スティーブ・ジョブス上
2011/12/08,木,植生ラスタ化・傾斜と加重合計,,Python入門~p222,,,ネット広告&モバイル広告が...
2011/12/09,金,,,,,五竜岳遠見尾根
2011/12/10,土,,,,,五竜岳遠見尾根
2011/12/11,日,,,,,五竜岳遠見尾根,グランドジョラス北壁
2011/12/12,月,非圧縮titan→×,,,ｱﾙﾊﾟｲﾝﾂｱｰｻｰﾋﾞｽﾒｰﾙ,,Unix for Mac OS X~p214
2011/12/13,火,,図解ArcGIS ~p190,,,,Unix for Mac OS X読了
2011/12/14,水,,,Python入門~p238,ｱﾙﾊﾟｲﾝﾂｱｰｻｰﾋﾞｽ訪問,B-PUMPTokyo1.5h,スティーブ・ジョブス上
2011/12/15,木,,図解ArcGIS 第10章,,,,UNIXとCプログラミング
2011/12/16,金,座標shift、セルサイズ変更してみる,,Python入門~p260,,B-PUMP2 1h
2011/12/17,土,,,,,宮下公園 1h
2011/12/18,日,非圧縮titan→Success!,,Python入門~p286,,,スティーブ・ジョブス上
2011/12/19,月,,,Python入門~p298,,J-wall 1.5h,UNIXとCプログラミング読了
2011/12/20,火,第二回査読投稿　作成　titan viewer
2011/12/21,水,中間発表資料　教授メール,,,ｱﾙﾊﾟｲﾝﾂｱｰｻｰﾋﾞｽ催促,B-PUMP2 1.5h,スティーブ・ジョブス上読了
2011/12/22,木,中間発表,,みんなのPythonDL
2011/12/23,金,査読,,Python入門~p305,,谷川岳西黒尾根,ヤフー・トピックスの…読了
2011/12/24,土,,,,,谷川岳西黒尾根
2011/12/25,日,,,,,谷川岳西黒尾根,グランドジョラス北壁読了
2011/12/26,月,積雪深xml格納、kriging
2011/12/27,火,第二回査読再投稿,,Python入門~p308,ｱﾙﾊﾟｲﾝﾂｱｰｻｰﾋﾞｽ連絡
2011/12/28,水,,,,,槍ヶ岳中崎尾根
2011/12/29,木,,,,,槍ヶ岳中崎尾根
2011/12/30,金,,,,,槍ヶ岳中崎尾根,氷壁
2011/12/31,土,,,,,槍ヶ岳中崎尾根,氷壁読了